,Eje X,Eje Y,Distancia del centro
0,340.0,204.0,1.3227290580317128
1,356.0,198.0,1.70933361354438
2,364.0,208.0,1.6093780375371591
3,372.0,198.0,1.9722872945593226
4,380.0,194.0,2.248608921296689
