Eje X,Eje Y,Distancia del centro
464.0,356.0,5.243004045950108
324.0,392.0,4.135976953251683
290.0,322.0,2.2043186095560627
506.0,304.0,5.757659160903123
360.0,296.0,1.5534138597748355
346.0,222.0,1.2711765160746826
190.0,58.0,7.49366651916544
