,Eje X,Eje Y,Distancia del centro
0,348.0,204.0,1.4302482241963232
1,386.0,200.0,2.2760042476704463
2,246.0,236.0,2.5402666571374763
3,324.0,240.0,0.22093290975502153
4,328.0,244.0,0.06127576419686064
5,340.0,192.0,1.7007618369364075
6,336.0,182.0,1.9833824408731078
