Eje X,Eje Y,Distancia del centro
332.0,216.0,0.9307503870786725
340.0,210.0,1.1672648841535886
254.0,208.0,2.5486593241904725
296.0,220.0,1.2727502683596785
362.0,204.0,1.6870414649667342
452.0,168.0,4.487157583499095
268.0,274.0,2.0152366399508703
160.0,272.0,5.228294902502571
54.0,256.0,8.431899601431455
